module,example_id,question_id,question,action_text,target,prediction,abs_error
AG,af8323e6-2f6b-4c12-82f8-62f10fc437c1:medium:1:0,476,"What Division was the college footbal team that fired their head coach on November 24, 2006?",Big Ten,-0.026,0.1239,0.1499
AG,af8323e6-2f6b-4c12-82f8-62f10fc437c1:medium:1:1,476,"What Division was the college footbal team that fired their head coach on November 24, 2006?",Big Ten,-0.026,0.1241,0.1501
AG,af8323e6-2f6b-4c12-82f8-62f10fc437c1:medium:1:2,476,"What Division was the college footbal team that fired their head coach on November 24, 2006?",Big Ten,-0.026,0.1241,0.1501
AG,94fde671-da41-4c51-9eb3-041a325d0ab9:medium:3:0,476,"What Division was the college footbal team that fired their head coach on November 24, 2006?",SEC,-0.0168,0.1478,0.1646
AG,94fde671-da41-4c51-9eb3-041a325d0ab9:medium:3:1,476,"What Division was the college footbal team that fired their head coach on November 24, 2006?",SEC,-0.0168,0.148,0.1648
AG,94fde671-da41-4c51-9eb3-041a325d0ab9:medium:3:2,476,"What Division was the college footbal team that fired their head coach on November 24, 2006?",SEC,-0.0168,0.148,0.1648
AG,f45605c5-37ba-4643-bac3-d63bd134e3e5:medium:3:0,476,"What Division was the college footbal team that fired their head coach on November 24, 2006?",FBS,0.1553,0.1695,0.0142
AG,f45605c5-37ba-4643-bac3-d63bd134e3e5:medium:3:1,476,"What Division was the college footbal team that fired their head coach on November 24, 2006?",FBS,0.1553,0.1697,0.0144
AG,f45605c5-37ba-4643-bac3-d63bd134e3e5:medium:3:2,476,"What Division was the college footbal team that fired their head coach on November 24, 2006?",FBS,0.1553,0.1697,0.0144
AG,4fc9f8ac-42dc-4c1e-873a-49aa969894dd:medium:4:0,476,"What Division was the college footbal team that fired their head coach on November 24, 2006?",Coastal,-0.0173,0.1356,0.1529
AG,4fc9f8ac-42dc-4c1e-873a-49aa969894dd:medium:4:1,476,"What Division was the college footbal team that fired their head coach on November 24, 2006?",Coastal,-0.0173,0.1357,0.153
AG,4fc9f8ac-42dc-4c1e-873a-49aa969894dd:medium:4:2,476,"What Division was the college footbal team that fired their head coach on November 24, 2006?",Coastal,-0.0173,0.1357,0.153
AG,299f450e-7e10-43af-acd3-40c14cc72a07:medium:1:0,336,What country do both Adnan Akmal and Kamran Akmal represent in cricket?,Pakistan,-0.0088,0.0878,0.0966
AG,299f450e-7e10-43af-acd3-40c14cc72a07:medium:1:1,336,What country do both Adnan Akmal and Kamran Akmal represent in cricket?,Pakistan,-0.0088,0.0879,0.0967
AG,299f450e-7e10-43af-acd3-40c14cc72a07:medium:1:2,336,What country do both Adnan Akmal and Kamran Akmal represent in cricket?,Pakistan,-0.0088,0.0879,0.0967
AG,4f4f7e88-3b1f-4b3f-a773-a66bf58e1fe1:medium:3:0,336,What country do both Adnan Akmal and Kamran Akmal represent in cricket?,Pakistan,-0.0168,0.0934,0.1102
AG,4f4f7e88-3b1f-4b3f-a773-a66bf58e1fe1:medium:3:1,336,What country do both Adnan Akmal and Kamran Akmal represent in cricket?,Pakistan,-0.0168,0.0936,0.1104
AG,4f4f7e88-3b1f-4b3f-a773-a66bf58e1fe1:medium:3:2,336,What country do both Adnan Akmal and Kamran Akmal represent in cricket?,Pakistan,-0.0168,0.0936,0.1104
AG,3fedd32f-0002-4d30-afad-7dddde44bfa8:medium:3:0,336,What country do both Adnan Akmal and Kamran Akmal represent in cricket?,Pakistan,0.0057,0.1133,0.1076
AG,3fedd32f-0002-4d30-afad-7dddde44bfa8:medium:3:1,336,What country do both Adnan Akmal and Kamran Akmal represent in cricket?,Pakistan,0.0057,0.1135,0.1078
AG,3fedd32f-0002-4d30-afad-7dddde44bfa8:medium:3:2,336,What country do both Adnan Akmal and Kamran Akmal represent in cricket?,Pakistan,0.0057,0.1135,0.1078
AG,2281d219-347a-4f08-827c-bdc4a5e44cdb:medium:4:0,336,What country do both Adnan Akmal and Kamran Akmal represent in cricket?,Pakistan,-0.0106,0.0861,0.0967
AG,2281d219-347a-4f08-827c-bdc4a5e44cdb:medium:4:1,336,What country do both Adnan Akmal and Kamran Akmal represent in cricket?,Pakistan,-0.0106,0.0863,0.0969
AG,2281d219-347a-4f08-827c-bdc4a5e44cdb:medium:4:2,336,What country do both Adnan Akmal and Kamran Akmal represent in cricket?,Pakistan,-0.0106,0.0863,0.0969
AG,c8134c12-1d15-43f2-b09a-c7ddde9e2afc:medium:1:0,50,Which year and which conference was the 14th season for this conference as part of the NCAA Division that the Colorado B,2008,-0.0096,0.0634,0.073
AG,c8134c12-1d15-43f2-b09a-c7ddde9e2afc:medium:1:1,50,Which year and which conference was the 14th season for this conference as part of the NCAA Division that the Colorado B,2008,-0.0096,0.0636,0.0732
AG,c8134c12-1d15-43f2-b09a-c7ddde9e2afc:medium:1:2,50,Which year and which conference was the 14th season for this conference as part of the NCAA Division that the Colorado B,2008,-0.0096,0.0636,0.0732
AG,8da0604e-a849-4445-9098-e445dcf29367:medium:3:0,50,Which year and which conference was the 14th season for this conference as part of the NCAA Division that the Colorado B,2012,-0.0191,-0.299,0.2799
AG,8da0604e-a849-4445-9098-e445dcf29367:medium:3:1,50,Which year and which conference was the 14th season for this conference as part of the NCAA Division that the Colorado B,2012,-0.0191,-0.2988,0.2797
AG,8da0604e-a849-4445-9098-e445dcf29367:medium:3:2,50,Which year and which conference was the 14th season for this conference as part of the NCAA Division that the Colorado B,2012,-0.0191,-0.2988,0.2797
AG,de6eac58-6db6-450c-9208-05c2c2f1725a:medium:3:0,50,Which year and which conference was the 14th season for this conference as part of the NCAA Division that the Colorado B,2010,-0.0114,0.1494,0.1608
AG,de6eac58-6db6-450c-9208-05c2c2f1725a:medium:3:1,50,Which year and which conference was the 14th season for this conference as part of the NCAA Division that the Colorado B,2010,-0.0114,0.1496,0.161
AG,de6eac58-6db6-450c-9208-05c2c2f1725a:medium:3:2,50,Which year and which conference was the 14th season for this conference as part of the NCAA Division that the Colorado B,2010,-0.0114,0.1496,0.161
AG,b18dde71-a2b8-4e6c-baf3-7a940a6751bf:medium:4:0,50,Which year and which conference was the 14th season for this conference as part of the NCAA Division that the Colorado B,2011,-0.016,0.1229,0.1389
AG,b18dde71-a2b8-4e6c-baf3-7a940a6751bf:medium:4:1,50,Which year and which conference was the 14th season for this conference as part of the NCAA Division that the Colorado B,2011,-0.016,0.123,0.139
AG,b18dde71-a2b8-4e6c-baf3-7a940a6751bf:medium:4:2,50,Which year and which conference was the 14th season for this conference as part of the NCAA Division that the Colorado B,2011,-0.016,0.123,0.139
AG,6a4c2daa-ebd4-487c-bff4-9e48b0ab797c:medium:1:0,67,"What is the name of the singer who's song was released as the lead single from the album ""Confessions"", and that had pop",Rihanna,-0.0103,0.1318,0.1421
AG,6a4c2daa-ebd4-487c-bff4-9e48b0ab797c:medium:1:1,67,"What is the name of the singer who's song was released as the lead single from the album ""Confessions"", and that had pop",Rihanna,-0.0103,0.132,0.1423
AG,6a4c2daa-ebd4-487c-bff4-9e48b0ab797c:medium:1:2,67,"What is the name of the singer who's song was released as the lead single from the album ""Confessions"", and that had pop",Rihanna,-0.0103,0.132,0.1423
AG,219c769e-44a5-4beb-ab27-532472a0896a:medium:3:0,67,"What is the name of the singer who's song was released as the lead single from the album ""Confessions"", and that had pop",Alicia Keys,-0.0112,-0.0021,0.0091
AG,219c769e-44a5-4beb-ab27-532472a0896a:medium:3:1,67,"What is the name of the singer who's song was released as the lead single from the album ""Confessions"", and that had pop",Alicia Keys,-0.0112,-0.0019,0.0093
AG,219c769e-44a5-4beb-ab27-532472a0896a:medium:3:2,67,"What is the name of the singer who's song was released as the lead single from the album ""Confessions"", and that had pop",Alicia Keys,-0.0112,-0.0019,0.0093
AG,c34f7d62-546b-4360-975d-530d90ba085d:medium:3:0,67,"What is the name of the singer who's song was released as the lead single from the album ""Confessions"", and that had pop",Ricki-Lee Coulter,-0.01,0.2147,0.2247
AG,c34f7d62-546b-4360-975d-530d90ba085d:medium:3:1,67,"What is the name of the singer who's song was released as the lead single from the album ""Confessions"", and that had pop",Ricki-Lee Coulter,-0.01,0.2149,0.2249
AG,c34f7d62-546b-4360-975d-530d90ba085d:medium:3:2,67,"What is the name of the singer who's song was released as the lead single from the album ""Confessions"", and that had pop",Ricki-Lee Coulter,-0.01,0.2149,0.2249
AG,e9b1187f-219f-4198-92d9-4d387d354524:medium:4:0,67,"What is the name of the singer who's song was released as the lead single from the album ""Confessions"", and that had pop",Usher,0.7417,0.1342,0.6075
AG,e9b1187f-219f-4198-92d9-4d387d354524:medium:4:1,67,"What is the name of the singer who's song was released as the lead single from the album ""Confessions"", and that had pop",Usher,0.7417,0.1343,0.6074
AG,e9b1187f-219f-4198-92d9-4d387d354524:medium:4:2,67,"What is the name of the singer who's song was released as the lead single from the album ""Confessions"", and that had pop",Usher,0.7417,0.1343,0.6074
AG,68850fd4-135a-47b7-82f8-154a6af9e971:medium:1:0,275,"Marion Greene was a health policy analyst for St. Judt Medical company, which had how many principal operations worldwid",uncertain,-0.0091,-0.0697,0.0606
AG,68850fd4-135a-47b7-82f8-154a6af9e971:medium:1:1,275,"Marion Greene was a health policy analyst for St. Judt Medical company, which had how many principal operations worldwid",uncertain,-0.0091,-0.0695,0.0604
AG,68850fd4-135a-47b7-82f8-154a6af9e971:medium:1:2,275,"Marion Greene was a health policy analyst for St. Judt Medical company, which had how many principal operations worldwid",uncertain,-0.0091,-0.0695,0.0604
AG,3a863f6c-2f4b-4a86-aaa8-089f53cb4259:medium:3:0,275,"Marion Greene was a health policy analyst for St. Judt Medical company, which had how many principal operations worldwid",uncertain,-0.0193,-0.0664,0.0471
AG,3a863f6c-2f4b-4a86-aaa8-089f53cb4259:medium:3:1,275,"Marion Greene was a health policy analyst for St. Judt Medical company, which had how many principal operations worldwid",uncertain,-0.0193,-0.0662,0.0469
AG,3a863f6c-2f4b-4a86-aaa8-089f53cb4259:medium:3:2,275,"Marion Greene was a health policy analyst for St. Judt Medical company, which had how many principal operations worldwid",uncertain,-0.0193,-0.0662,0.0469
AG,16e1beeb-1e14-4379-bfc2-7da1a20b7ab7:medium:3:0,275,"Marion Greene was a health policy analyst for St. Judt Medical company, which had how many principal operations worldwid",uncertain,-0.0132,-0.0383,0.0251
AG,16e1beeb-1e14-4379-bfc2-7da1a20b7ab7:medium:3:1,275,"Marion Greene was a health policy analyst for St. Judt Medical company, which had how many principal operations worldwid",uncertain,-0.0132,-0.0382,0.025
AG,16e1beeb-1e14-4379-bfc2-7da1a20b7ab7:medium:3:2,275,"Marion Greene was a health policy analyst for St. Judt Medical company, which had how many principal operations worldwid",uncertain,-0.0132,-0.0382,0.025
AG,df5bd631-ea91-48e2-aa49-7128563f595e:medium:4:0,275,"Marion Greene was a health policy analyst for St. Judt Medical company, which had how many principal operations worldwid",uncertain,-0.0126,-0.0664,0.0538
AG,df5bd631-ea91-48e2-aa49-7128563f595e:medium:4:1,275,"Marion Greene was a health policy analyst for St. Judt Medical company, which had how many principal operations worldwid",uncertain,-0.0126,-0.0662,0.0536
AG,df5bd631-ea91-48e2-aa49-7128563f595e:medium:4:2,275,"Marion Greene was a health policy analyst for St. Judt Medical company, which had how many principal operations worldwid",uncertain,-0.0126,-0.0662,0.0536
AG,e4d5bbd6-5d74-4b0a-b799-5c3cbdba535a:medium:1:0,290,What record did the Super Bowl XXXIV champions finish the regular-season with in 1999?,7-9,-0.0091,0.1211,0.1302
AG,e4d5bbd6-5d74-4b0a-b799-5c3cbdba535a:medium:1:1,290,What record did the Super Bowl XXXIV champions finish the regular-season with in 1999?,7-9,-0.0091,0.1213,0.1304
AG,e4d5bbd6-5d74-4b0a-b799-5c3cbdba535a:medium:1:2,290,What record did the Super Bowl XXXIV champions finish the regular-season with in 1999?,7-9,-0.0091,0.1213,0.1304
AG,6ad07c3c-806e-41a5-9af1-32c8fd4f1e67:medium:3:0,290,What record did the Super Bowl XXXIV champions finish the regular-season with in 1999?,first place,-0.0191,0.001,0.0201
AG,6ad07c3c-806e-41a5-9af1-32c8fd4f1e67:medium:3:1,290,What record did the Super Bowl XXXIV champions finish the regular-season with in 1999?,first place,-0.0191,0.0011,0.0202
AG,6ad07c3c-806e-41a5-9af1-32c8fd4f1e67:medium:3:2,290,What record did the Super Bowl XXXIV champions finish the regular-season with in 1999?,first place,-0.0191,0.0011,0.0202
AG,9e20a78c-5eb5-485c-8cfd-468b6b12b65b:medium:3:0,290,What record did the Super Bowl XXXIV champions finish the regular-season with in 1999?,7-5,-0.0122,0.1555,0.1677
AG,9e20a78c-5eb5-485c-8cfd-468b6b12b65b:medium:3:1,290,What record did the Super Bowl XXXIV champions finish the regular-season with in 1999?,7-5,-0.0122,0.1557,0.1679
AG,9e20a78c-5eb5-485c-8cfd-468b6b12b65b:medium:3:2,290,What record did the Super Bowl XXXIV champions finish the regular-season with in 1999?,7-5,-0.0122,0.1557,0.1679
AG,afc22d50-c1e6-4a9d-8cbe-d00451140dd8:medium:4:0,290,What record did the Super Bowl XXXIV champions finish the regular-season with in 1999?,10-6,-0.0288,0.079,0.1078
AG,afc22d50-c1e6-4a9d-8cbe-d00451140dd8:medium:4:1,290,What record did the Super Bowl XXXIV champions finish the regular-season with in 1999?,10-6,-0.0288,0.0792,0.108
AG,afc22d50-c1e6-4a9d-8cbe-d00451140dd8:medium:4:2,290,What record did the Super Bowl XXXIV champions finish the regular-season with in 1999?,10-6,-0.0288,0.0792,0.108
AG,e57accea-d0f5-4751-8164-7e12f0b7d276:medium:1:0,333,"What Danish eurodance group had a single called ""Barbie Girl"" which resulted in a lawsuit in 2002?",Aqua,0.7796,0.2256,0.554
AG,e57accea-d0f5-4751-8164-7e12f0b7d276:medium:1:1,333,"What Danish eurodance group had a single called ""Barbie Girl"" which resulted in a lawsuit in 2002?",Aqua,0.7796,0.2257,0.5539
AG,e57accea-d0f5-4751-8164-7e12f0b7d276:medium:1:2,333,"What Danish eurodance group had a single called ""Barbie Girl"" which resulted in a lawsuit in 2002?",Aqua,0.7796,0.2257,0.5539
AG,b5702d03-e76c-44e0-be79-f1620eaf8fe2:medium:3:0,333,"What Danish eurodance group had a single called ""Barbie Girl"" which resulted in a lawsuit in 2002?",Aqua,0.7559,0.2483,0.5076
AG,b5702d03-e76c-44e0-be79-f1620eaf8fe2:medium:3:1,333,"What Danish eurodance group had a single called ""Barbie Girl"" which resulted in a lawsuit in 2002?",Aqua,0.7559,0.2485,0.5074
AG,b5702d03-e76c-44e0-be79-f1620eaf8fe2:medium:3:2,333,"What Danish eurodance group had a single called ""Barbie Girl"" which resulted in a lawsuit in 2002?",Aqua,0.7559,0.2485,0.5074
AG,3fb35e71-b12a-4c82-ad96-14941d583eef:medium:3:0,333,"What Danish eurodance group had a single called ""Barbie Girl"" which resulted in a lawsuit in 2002?",Aqua,0.7734,0.259,0.5144
AG,3fb35e71-b12a-4c82-ad96-14941d583eef:medium:3:1,333,"What Danish eurodance group had a single called ""Barbie Girl"" which resulted in a lawsuit in 2002?",Aqua,0.7734,0.2591,0.5143
AG,3fb35e71-b12a-4c82-ad96-14941d583eef:medium:3:2,333,"What Danish eurodance group had a single called ""Barbie Girl"" which resulted in a lawsuit in 2002?",Aqua,0.7734,0.2591,0.5143
AG,ac30f8f2-0b43-4e95-8243-43b716ed8f38:medium:4:0,333,"What Danish eurodance group had a single called ""Barbie Girl"" which resulted in a lawsuit in 2002?",Aqua,0.7428,0.2348,0.508
AG,ac30f8f2-0b43-4e95-8243-43b716ed8f38:medium:4:1,333,"What Danish eurodance group had a single called ""Barbie Girl"" which resulted in a lawsuit in 2002?",Aqua,0.7428,0.235,0.5078
AG,ac30f8f2-0b43-4e95-8243-43b716ed8f38:medium:4:2,333,"What Danish eurodance group had a single called ""Barbie Girl"" which resulted in a lawsuit in 2002?",Aqua,0.7428,0.235,0.5078
AG,4e1848db-7b8d-4ce5-9be2-ad7cae1b5697:medium:1:0,116,Suicide's 1977 released album features a song based on what brand's comic character?,DC Comics,-0.0088,0.1666,0.1754
AG,4e1848db-7b8d-4ce5-9be2-ad7cae1b5697:medium:1:1,116,Suicide's 1977 released album features a song based on what brand's comic character?,DC Comics,-0.0088,0.1668,0.1756
AG,4e1848db-7b8d-4ce5-9be2-ad7cae1b5697:medium:1:2,116,Suicide's 1977 released album features a song based on what brand's comic character?,DC Comics,-0.0088,0.1668,0.1756
AG,b9620dc9-1220-4be5-8e83-5b79551ec73c:medium:3:0,116,Suicide's 1977 released album features a song based on what brand's comic character?,Status Quo,-0.011,0.1781,0.1891
AG,b9620dc9-1220-4be5-8e83-5b79551ec73c:medium:3:1,116,Suicide's 1977 released album features a song based on what brand's comic character?,Status Quo,-0.011,0.1782,0.1892
AG,b9620dc9-1220-4be5-8e83-5b79551ec73c:medium:3:2,116,Suicide's 1977 released album features a song based on what brand's comic character?,Status Quo,-0.011,0.1782,0.1892
AG,6a39a7ba-a1cd-410d-b0c1-419ee8118682:medium:3:0,116,Suicide's 1977 released album features a song based on what brand's comic character?,Batman,-0.0137,0.2007,0.2144
AG,6a39a7ba-a1cd-410d-b0c1-419ee8118682:medium:3:1,116,Suicide's 1977 released album features a song based on what brand's comic character?,Batman,-0.0137,0.2009,0.2146
AG,6a39a7ba-a1cd-410d-b0c1-419ee8118682:medium:3:2,116,Suicide's 1977 released album features a song based on what brand's comic character?,Batman,-0.0137,0.2009,0.2146
AG,710f53b8-a61e-454e-97ae-71c002ea575d:medium:4:0,116,Suicide's 1977 released album features a song based on what brand's comic character?,Status Quo,-0.0065,0.1707,0.1772
AG,710f53b8-a61e-454e-97ae-71c002ea575d:medium:4:1,116,Suicide's 1977 released album features a song based on what brand's comic character?,Status Quo,-0.0065,0.1709,0.1774
AG,710f53b8-a61e-454e-97ae-71c002ea575d:medium:4:2,116,Suicide's 1977 released album features a song based on what brand's comic character?,Status Quo,-0.0065,0.1709,0.1774
AG,9b153ad7-d153-4cbb-b5bb-c7bf7b1c5e3f:medium:1:0,313,Who was born first Am Rong or Ava DuVernay ?,Am Rong,0.781,0.1376,0.6434
AG,9b153ad7-d153-4cbb-b5bb-c7bf7b1c5e3f:medium:1:1,313,Who was born first Am Rong or Ava DuVernay ?,Am Rong,0.781,0.1378,0.6432
AG,9b153ad7-d153-4cbb-b5bb-c7bf7b1c5e3f:medium:1:2,313,Who was born first Am Rong or Ava DuVernay ?,Am Rong,0.781,0.1378,0.6432
AG,fe92830a-f170-49c8-adb0-91f8ed49e340:medium:3:0,313,Who was born first Am Rong or Ava DuVernay ?,Emayatzy Corinealdi,-0.0146,0.1569,0.1715
AG,fe92830a-f170-49c8-adb0-91f8ed49e340:medium:3:1,313,Who was born first Am Rong or Ava DuVernay ?,Emayatzy Corinealdi,-0.0146,0.1571,0.1717
AG,fe92830a-f170-49c8-adb0-91f8ed49e340:medium:3:2,313,Who was born first Am Rong or Ava DuVernay ?,Emayatzy Corinealdi,-0.0146,0.1571,0.1717
AG,49e63c67-72e6-4b36-910f-4267edf62fa0:medium:3:0,313,Who was born first Am Rong or Ava DuVernay ?,Emayatzy Evett Corinealdi,0.0065,0.1694,0.1629
AG,49e63c67-72e6-4b36-910f-4267edf62fa0:medium:3:1,313,Who was born first Am Rong or Ava DuVernay ?,Emayatzy Evett Corinealdi,0.0065,0.1696,0.1631
AG,49e63c67-72e6-4b36-910f-4267edf62fa0:medium:3:2,313,Who was born first Am Rong or Ava DuVernay ?,Emayatzy Evett Corinealdi,0.0065,0.1696,0.1631
AG,e2246811-bbeb-42d7-87ca-c306f7c3fb6f:medium:4:0,313,Who was born first Am Rong or Ava DuVernay ?,uncertain,-0.0188,-0.011,0.0078
AG,e2246811-bbeb-42d7-87ca-c306f7c3fb6f:medium:4:1,313,Who was born first Am Rong or Ava DuVernay ?,uncertain,-0.0188,-0.0108,0.008
AG,e2246811-bbeb-42d7-87ca-c306f7c3fb6f:medium:4:2,313,Who was born first Am Rong or Ava DuVernay ?,uncertain,-0.0188,-0.0108,0.008
AG,9733461f-d0fc-4e5e-a1c7-0d0998a88717:medium:1:0,160,"Who held the record for the longest service in the Australian Parliament for a woman, and was surpassed by  a former Aus",Kerry Reynolds,-0.0105,0.0544,0.0649
AG,9733461f-d0fc-4e5e-a1c7-0d0998a88717:medium:1:1,160,"Who held the record for the longest service in the Australian Parliament for a woman, and was surpassed by  a former Aus",Kerry Reynolds,-0.0105,0.0545,0.065
AG,9733461f-d0fc-4e5e-a1c7-0d0998a88717:medium:1:2,160,"Who held the record for the longest service in the Australian Parliament for a woman, and was surpassed by  a former Aus",Kerry Reynolds,-0.0105,0.0545,0.065
AG,ef9db10b-eb0a-4e32-92ef-00859d008b31:medium:3:0,160,"Who held the record for the longest service in the Australian Parliament for a woman, and was surpassed by  a former Aus",Bronwyn Bishop,-0.0121,0.096,0.1081
AG,ef9db10b-eb0a-4e32-92ef-00859d008b31:medium:3:1,160,"Who held the record for the longest service in the Australian Parliament for a woman, and was surpassed by  a former Aus",Bronwyn Bishop,-0.0121,0.0961,0.1082
AG,ef9db10b-eb0a-4e32-92ef-00859d008b31:medium:3:2,160,"Who held the record for the longest service in the Australian Parliament for a woman, and was surpassed by  a former Aus",Bronwyn Bishop,-0.0121,0.0961,0.1082
AG,22f5d6ab-832e-4352-a19d-3311bacd1f43:medium:3:0,160,"Who held the record for the longest service in the Australian Parliament for a woman, and was surpassed by  a former Aus",Bronwyn Bishop,0.0172,0.1162,0.099
AG,22f5d6ab-832e-4352-a19d-3311bacd1f43:medium:3:1,160,"Who held the record for the longest service in the Australian Parliament for a woman, and was surpassed by  a former Aus",Bronwyn Bishop,0.0172,0.1164,0.0992
AG,22f5d6ab-832e-4352-a19d-3311bacd1f43:medium:3:2,160,"Who held the record for the longest service in the Australian Parliament for a woman, and was surpassed by  a former Aus",Bronwyn Bishop,0.0172,0.1164,0.0992
AG,2a82dd15-f902-4021-826d-49437786b44a:medium:4:0,160,"Who held the record for the longest service in the Australian Parliament for a woman, and was surpassed by  a former Aus",Bronwyn Bishop,-0.0103,0.0876,0.0979
AG,2a82dd15-f902-4021-826d-49437786b44a:medium:4:1,160,"Who held the record for the longest service in the Australian Parliament for a woman, and was surpassed by  a former Aus",Bronwyn Bishop,-0.0103,0.0878,0.0981
AG,2a82dd15-f902-4021-826d-49437786b44a:medium:4:2,160,"Who held the record for the longest service in the Australian Parliament for a woman, and was surpassed by  a former Aus",Bronwyn Bishop,-0.0103,0.0878,0.0981
AG,375670db-d849-4c74-9832-9bd7e991e320:medium:1:0,511,"What was the nationality of the actor playing a Russian hostage taker in ""Hostage for a Day""?",unknown,-0.0083,-0.0291,0.0208
AG,375670db-d849-4c74-9832-9bd7e991e320:medium:1:1,511,"What was the nationality of the actor playing a Russian hostage taker in ""Hostage for a Day""?",unknown,-0.0083,-0.029,0.0207
AG,375670db-d849-4c74-9832-9bd7e991e320:medium:1:2,511,"What was the nationality of the actor playing a Russian hostage taker in ""Hostage for a Day""?",unknown,-0.0083,-0.029,0.0207
AG,523ed2c9-db12-4392-b17e-83f071356696:medium:3:0,511,"What was the nationality of the actor playing a Russian hostage taker in ""Hostage for a Day""?",uncertain,-0.011,-0.0368,0.0258
AG,523ed2c9-db12-4392-b17e-83f071356696:medium:3:1,511,"What was the nationality of the actor playing a Russian hostage taker in ""Hostage for a Day""?",uncertain,-0.011,-0.0367,0.0257
AG,523ed2c9-db12-4392-b17e-83f071356696:medium:3:2,511,"What was the nationality of the actor playing a Russian hostage taker in ""Hostage for a Day""?",uncertain,-0.011,-0.0367,0.0257
AG,a25f1616-988a-40fb-b0b0-e687a27a80c6:medium:3:0,511,"What was the nationality of the actor playing a Russian hostage taker in ""Hostage for a Day""?",uncertain,-0.0003,-0.0174,0.0171
AG,a25f1616-988a-40fb-b0b0-e687a27a80c6:medium:3:1,511,"What was the nationality of the actor playing a Russian hostage taker in ""Hostage for a Day""?",uncertain,-0.0003,-0.0173,0.017
AG,a25f1616-988a-40fb-b0b0-e687a27a80c6:medium:3:2,511,"What was the nationality of the actor playing a Russian hostage taker in ""Hostage for a Day""?",uncertain,-0.0003,-0.0173,0.017
AG,2ab6fd28-1fc2-4c4c-baaf-4034a96ef4cb:medium:4:0,511,"What was the nationality of the actor playing a Russian hostage taker in ""Hostage for a Day""?",uncertain,-0.0053,-0.0453,0.04
AG,2ab6fd28-1fc2-4c4c-baaf-4034a96ef4cb:medium:4:1,511,"What was the nationality of the actor playing a Russian hostage taker in ""Hostage for a Day""?",uncertain,-0.0053,-0.0451,0.0398
AG,2ab6fd28-1fc2-4c4c-baaf-4034a96ef4cb:medium:4:2,511,"What was the nationality of the actor playing a Russian hostage taker in ""Hostage for a Day""?",uncertain,-0.0053,-0.0451,0.0398
AG,b484a9ba-fe8d-4fac-96fd-e5ddcc70a008:medium:1:0,425,Las Vegas Festival Grounds is north of the hotel that is owned by which company?,Caesars Entertainment,-0.0096,-0.0023,0.0073
AG,b484a9ba-fe8d-4fac-96fd-e5ddcc70a008:medium:1:1,425,Las Vegas Festival Grounds is north of the hotel that is owned by which company?,Caesars Entertainment,-0.0096,-0.0022,0.0074
AG,b484a9ba-fe8d-4fac-96fd-e5ddcc70a008:medium:1:2,425,Las Vegas Festival Grounds is north of the hotel that is owned by which company?,Caesars Entertainment,-0.0096,-0.0022,0.0074
AG,1efbc557-33d6-4da3-b041-5075d2c73653:medium:3:0,425,Las Vegas Festival Grounds is north of the hotel that is owned by which company?,MGM Resorts,0.4816,0.1244,0.3572
AG,1efbc557-33d6-4da3-b041-5075d2c73653:medium:3:1,425,Las Vegas Festival Grounds is north of the hotel that is owned by which company?,MGM Resorts,0.4816,0.1246,0.357
AG,1efbc557-33d6-4da3-b041-5075d2c73653:medium:3:2,425,Las Vegas Festival Grounds is north of the hotel that is owned by which company?,MGM Resorts,0.4816,0.1246,0.357
AG,b4171798-85f9-4f15-99e4-ae60eddcb7ba:medium:3:0,425,Las Vegas Festival Grounds is north of the hotel that is owned by which company?,MGM Resorts,0.494,0.1433,0.3507
AG,b4171798-85f9-4f15-99e4-ae60eddcb7ba:medium:3:1,425,Las Vegas Festival Grounds is north of the hotel that is owned by which company?,MGM Resorts,0.494,0.1435,0.3505
AG,b4171798-85f9-4f15-99e4-ae60eddcb7ba:medium:3:2,425,Las Vegas Festival Grounds is north of the hotel that is owned by which company?,MGM Resorts,0.494,0.1435,0.3505
AG,edff9fce-6fce-422d-b4f3-e2ba24f854f5:medium:4:0,425,Las Vegas Festival Grounds is north of the hotel that is owned by which company?,MGM Resorts,0.4849,0.1158,0.3691
AG,edff9fce-6fce-422d-b4f3-e2ba24f854f5:medium:4:1,425,Las Vegas Festival Grounds is north of the hotel that is owned by which company?,MGM Resorts,0.4849,0.116,0.3689
AG,edff9fce-6fce-422d-b4f3-e2ba24f854f5:medium:4:2,425,Las Vegas Festival Grounds is north of the hotel that is owned by which company?,MGM Resorts,0.4849,0.116,0.3689
AG,ae2ec24f-8fd9-4f2e-90ef-a85a1b3ec3f7:medium:1:0,463,Blinding Edge Pictures produced which 2000 film starring Bruce Willis?,Unbreakable,0.7802,0.1857,0.5945
AG,ae2ec24f-8fd9-4f2e-90ef-a85a1b3ec3f7:medium:1:1,463,Blinding Edge Pictures produced which 2000 film starring Bruce Willis?,Unbreakable,0.7802,0.1859,0.5943
AG,ae2ec24f-8fd9-4f2e-90ef-a85a1b3ec3f7:medium:1:2,463,Blinding Edge Pictures produced which 2000 film starring Bruce Willis?,Unbreakable,0.7802,0.1859,0.5943
AG,dbf11f65-2e92-4878-ad17-5895fea53df4:medium:3:0,463,Blinding Edge Pictures produced which 2000 film starring Bruce Willis?,In Country,0.0021,0.3428,0.3407
AG,dbf11f65-2e92-4878-ad17-5895fea53df4:medium:3:1,463,Blinding Edge Pictures produced which 2000 film starring Bruce Willis?,In Country,0.0021,0.343,0.3409
AG,dbf11f65-2e92-4878-ad17-5895fea53df4:medium:3:2,463,Blinding Edge Pictures produced which 2000 film starring Bruce Willis?,In Country,0.0021,0.343,0.3409
AG,9713fe99-3716-4a47-a4a2-14525a9c82fe:medium:3:0,463,Blinding Edge Pictures produced which 2000 film starring Bruce Willis?,Unbreakable,0.7691,0.2172,0.5519
AG,9713fe99-3716-4a47-a4a2-14525a9c82fe:medium:3:1,463,Blinding Edge Pictures produced which 2000 film starring Bruce Willis?,Unbreakable,0.7691,0.2174,0.5517
AG,9713fe99-3716-4a47-a4a2-14525a9c82fe:medium:3:2,463,Blinding Edge Pictures produced which 2000 film starring Bruce Willis?,Unbreakable,0.7691,0.2174,0.5517
AG,b0f40fd6-28a2-45fd-95b1-2d14a06b29a1:medium:4:0,463,Blinding Edge Pictures produced which 2000 film starring Bruce Willis?,Unbreakable,0.7609,0.1927,0.5682
AG,b0f40fd6-28a2-45fd-95b1-2d14a06b29a1:medium:4:1,463,Blinding Edge Pictures produced which 2000 film starring Bruce Willis?,Unbreakable,0.7609,0.1929,0.568
AG,b0f40fd6-28a2-45fd-95b1-2d14a06b29a1:medium:4:2,463,Blinding Edge Pictures produced which 2000 film starring Bruce Willis?,Unbreakable,0.7609,0.1929,0.568
AG,3ca4f0ff-3d4b-4648-a9a1-cd5f23700cbe:medium:1:0,276,Which Genus has more species Eucryphia or Lepidozamia ?,Eucryphia,0.7811,0.2959,0.4852
AG,3ca4f0ff-3d4b-4648-a9a1-cd5f23700cbe:medium:1:1,276,Which Genus has more species Eucryphia or Lepidozamia ?,Eucryphia,0.7811,0.2961,0.485
AG,3ca4f0ff-3d4b-4648-a9a1-cd5f23700cbe:medium:1:2,276,Which Genus has more species Eucryphia or Lepidozamia ?,Eucryphia,0.7811,0.2961,0.485
AG,27cee8d9-2c1b-465b-aabe-809e19f10135:medium:3:0,276,Which Genus has more species Eucryphia or Lepidozamia ?,Eucryphia,0.7559,0.3136,0.4423
AG,27cee8d9-2c1b-465b-aabe-809e19f10135:medium:3:1,276,Which Genus has more species Eucryphia or Lepidozamia ?,Eucryphia,0.7559,0.3138,0.4421
AG,27cee8d9-2c1b-465b-aabe-809e19f10135:medium:3:2,276,Which Genus has more species Eucryphia or Lepidozamia ?,Eucryphia,0.7559,0.3138,0.4421
AG,856c83b1-9abb-461c-9208-06b7da2bf1f3:medium:3:0,276,Which Genus has more species Eucryphia or Lepidozamia ?,Eucryphia,0.7744,0.3292,0.4452
AG,856c83b1-9abb-461c-9208-06b7da2bf1f3:medium:3:1,276,Which Genus has more species Eucryphia or Lepidozamia ?,Eucryphia,0.7744,0.3294,0.445
AG,856c83b1-9abb-461c-9208-06b7da2bf1f3:medium:3:2,276,Which Genus has more species Eucryphia or Lepidozamia ?,Eucryphia,0.7744,0.3294,0.445
AG,bf697c69-e382-43d1-9e92-a0e5ddc1e083:medium:4:0,276,Which Genus has more species Eucryphia or Lepidozamia ?,Eucryphia,0.7526,0.3069,0.4457
AG,bf697c69-e382-43d1-9e92-a0e5ddc1e083:medium:4:1,276,Which Genus has more species Eucryphia or Lepidozamia ?,Eucryphia,0.7526,0.307,0.4456
AG,bf697c69-e382-43d1-9e92-a0e5ddc1e083:medium:4:2,276,Which Genus has more species Eucryphia or Lepidozamia ?,Eucryphia,0.7526,0.307,0.4456
AG,7f75252c-cea3-442a-96aa-cac5c117812d:medium:1:0,371,"What country does Eric A. Sykes and Eccles, Greater Manchester have ion common?",United Kingdom,-0.0093,0.2554,0.2647
AG,7f75252c-cea3-442a-96aa-cac5c117812d:medium:1:1,371,"What country does Eric A. Sykes and Eccles, Greater Manchester have ion common?",United Kingdom,-0.0093,0.2556,0.2649
AG,7f75252c-cea3-442a-96aa-cac5c117812d:medium:1:2,371,"What country does Eric A. Sykes and Eccles, Greater Manchester have ion common?",United Kingdom,-0.0093,0.2556,0.2649
AG,4d2a744b-0afb-4859-b7ee-a6f17954ee33:medium:3:0,371,"What country does Eric A. Sykes and Eccles, Greater Manchester have ion common?",Greater Manchester,-0.0119,0.0128,0.0247
AG,4d2a744b-0afb-4859-b7ee-a6f17954ee33:medium:3:1,371,"What country does Eric A. Sykes and Eccles, Greater Manchester have ion common?",Greater Manchester,-0.0119,0.0129,0.0248
AG,4d2a744b-0afb-4859-b7ee-a6f17954ee33:medium:3:2,371,"What country does Eric A. Sykes and Eccles, Greater Manchester have ion common?",Greater Manchester,-0.0119,0.0129,0.0248
AG,c1164df0-68eb-42dd-b1ad-0f54b9c04fff:medium:3:0,371,"What country does Eric A. Sykes and Eccles, Greater Manchester have ion common?",England,0.7696,0.1543,0.6153
AG,c1164df0-68eb-42dd-b1ad-0f54b9c04fff:medium:3:1,371,"What country does Eric A. Sykes and Eccles, Greater Manchester have ion common?",England,0.7696,0.1545,0.6151
AG,c1164df0-68eb-42dd-b1ad-0f54b9c04fff:medium:3:2,371,"What country does Eric A. Sykes and Eccles, Greater Manchester have ion common?",England,0.7696,0.1545,0.6151
AG,961e854c-35c9-46ea-9ab6-0292be35e6da:medium:4:0,371,"What country does Eric A. Sykes and Eccles, Greater Manchester have ion common?",Greater Manchester,-0.0113,0.0043,0.0156
AG,961e854c-35c9-46ea-9ab6-0292be35e6da:medium:4:1,371,"What country does Eric A. Sykes and Eccles, Greater Manchester have ion common?",Greater Manchester,-0.0113,0.0045,0.0158
AG,961e854c-35c9-46ea-9ab6-0292be35e6da:medium:4:2,371,"What country does Eric A. Sykes and Eccles, Greater Manchester have ion common?",Greater Manchester,-0.0113,0.0045,0.0158
AG,22542689-a0f0-4ca1-bf0e-bba6e1975396:medium:1:0,103,Where is the stadium at which 1964 Georgia Tech Yellow Jackets football team played their home game located? ,"Atlanta, Georgia",-0.0092,0.0956,0.1048
AG,22542689-a0f0-4ca1-bf0e-bba6e1975396:medium:1:1,103,Where is the stadium at which 1964 Georgia Tech Yellow Jackets football team played their home game located? ,"Atlanta, Georgia",-0.0092,0.0958,0.105
AG,22542689-a0f0-4ca1-bf0e-bba6e1975396:medium:1:2,103,Where is the stadium at which 1964 Georgia Tech Yellow Jackets football team played their home game located? ,"Atlanta, Georgia",-0.0092,0.0958,0.105
AG,ea186f06-7fcb-4b3b-a304-28092ba9342a:medium:3:0,103,Where is the stadium at which 1964 Georgia Tech Yellow Jackets football team played their home game located? ,Bobby Dodd Stadium at Historic Grant Field,0.0603,0.0421,0.0182
AG,ea186f06-7fcb-4b3b-a304-28092ba9342a:medium:3:1,103,Where is the stadium at which 1964 Georgia Tech Yellow Jackets football team played their home game located? ,Bobby Dodd Stadium at Historic Grant Field,0.0603,0.0422,0.0181
AG,ea186f06-7fcb-4b3b-a304-28092ba9342a:medium:3:2,103,Where is the stadium at which 1964 Georgia Tech Yellow Jackets football team played their home game located? ,Bobby Dodd Stadium at Historic Grant Field,0.0603,0.0422,0.0181
AG,86f0dfbd-50be-4865-9cf0-0893d0d3e350:medium:3:0,103,Where is the stadium at which 1964 Georgia Tech Yellow Jackets football team played their home game located? ,Grant Field,-0.0027,0.1276,0.1303
AG,86f0dfbd-50be-4865-9cf0-0893d0d3e350:medium:3:1,103,Where is the stadium at which 1964 Georgia Tech Yellow Jackets football team played their home game located? ,Grant Field,-0.0027,0.1278,0.1305
AG,86f0dfbd-50be-4865-9cf0-0893d0d3e350:medium:3:2,103,Where is the stadium at which 1964 Georgia Tech Yellow Jackets football team played their home game located? ,Grant Field,-0.0027,0.1278,0.1305
AG,bc13464f-f2d9-4237-808e-15c6f170b17f:medium:4:0,103,Where is the stadium at which 1964 Georgia Tech Yellow Jackets football team played their home game located? ,Grant Field,-0.0135,0.0994,0.1129
AG,bc13464f-f2d9-4237-808e-15c6f170b17f:medium:4:1,103,Where is the stadium at which 1964 Georgia Tech Yellow Jackets football team played their home game located? ,Grant Field,-0.0135,0.0996,0.1131
AG,bc13464f-f2d9-4237-808e-15c6f170b17f:medium:4:2,103,Where is the stadium at which 1964 Georgia Tech Yellow Jackets football team played their home game located? ,Grant Field,-0.0135,0.0996,0.1131
AG,877ab20b-5be3-4991-84d6-596f43de353a:medium:1:0,158,What football club plays in the area between the old tool gates: Brook Bar and Trafford bar?,Manchester United,0.7812,0.1513,0.6299
AG,877ab20b-5be3-4991-84d6-596f43de353a:medium:1:1,158,What football club plays in the area between the old tool gates: Brook Bar and Trafford bar?,Manchester United,0.7812,0.1515,0.6297
AG,877ab20b-5be3-4991-84d6-596f43de353a:medium:1:2,158,What football club plays in the area between the old tool gates: Brook Bar and Trafford bar?,Manchester United,0.7812,0.1515,0.6297
AG,6b5784e7-bc8c-47e3-8aa5-743dfe6e920a:medium:3:0,158,What football club plays in the area between the old tool gates: Brook Bar and Trafford bar?,Old Trafford,-0.0073,0.1553,0.1626
AG,6b5784e7-bc8c-47e3-8aa5-743dfe6e920a:medium:3:1,158,What football club plays in the area between the old tool gates: Brook Bar and Trafford bar?,Old Trafford,-0.0073,0.1555,0.1628
AG,6b5784e7-bc8c-47e3-8aa5-743dfe6e920a:medium:3:2,158,What football club plays in the area between the old tool gates: Brook Bar and Trafford bar?,Old Trafford,-0.0073,0.1555,0.1628
AG,b24a09ba-8c42-4053-bbd2-95712761329e:medium:3:0,158,What football club plays in the area between the old tool gates: Brook Bar and Trafford bar?,Manchester United F.C.,0.3932,0.1795,0.2137
AG,b24a09ba-8c42-4053-bbd2-95712761329e:medium:3:1,158,What football club plays in the area between the old tool gates: Brook Bar and Trafford bar?,Manchester United F.C.,0.3932,0.1797,0.2135
QR,94fde671-da41-4c51-9eb3-041a325d0ab9:medium:1:0,476,"What Division was the college footbal team that fired their head coach on November 24, 2006?",Division of college football team that fired head coach in 2006,0.5597,0.5132,0.0465
QR,94fde671-da41-4c51-9eb3-041a325d0ab9:medium:1:1,476,"What Division was the college footbal team that fired their head coach on November 24, 2006?",Division of college football team that fired head coach in 2006,0.5597,0.5094,0.0503
QR,94fde671-da41-4c51-9eb3-041a325d0ab9:medium:1:2,476,"What Division was the college footbal team that fired their head coach on November 24, 2006?",Division of college football team that fired head coach in 2006,0.5597,0.5094,0.0503
QR,4f4f7e88-3b1f-4b3f-a773-a66bf58e1fe1:medium:1:0,336,What country do both Adnan Akmal and Kamran Akmal represent in cricket?,Adnan Akmal AND Kamran Akmal cricket team,0.3914,0.4753,0.0839
QR,4f4f7e88-3b1f-4b3f-a773-a66bf58e1fe1:medium:1:1,336,What country do both Adnan Akmal and Kamran Akmal represent in cricket?,Adnan Akmal AND Kamran Akmal cricket team,0.3914,0.4715,0.0801
QR,4f4f7e88-3b1f-4b3f-a773-a66bf58e1fe1:medium:1:2,336,What country do both Adnan Akmal and Kamran Akmal represent in cricket?,Adnan Akmal AND Kamran Akmal cricket team,0.3914,0.4715,0.0801
QR,8da0604e-a849-4445-9098-e445dcf29367:medium:1:0,50,Which year and which conference was the 14th season for this conference as part of the NCAA Division that the Colorado B,ncaa division colorado buffaloes 2-6 record,0.3253,0.1518,0.1735
QR,8da0604e-a849-4445-9098-e445dcf29367:medium:1:1,50,Which year and which conference was the 14th season for this conference as part of the NCAA Division that the Colorado B,ncaa division colorado buffaloes 2-6 record,0.3253,0.148,0.1773
QR,8da0604e-a849-4445-9098-e445dcf29367:medium:1:2,50,Which year and which conference was the 14th season for this conference as part of the NCAA Division that the Colorado B,ncaa division colorado buffaloes 2-6 record,0.3253,0.148,0.1773
QR,219c769e-44a5-4beb-ab27-532472a0896a:medium:1:0,67,"What is the name of the singer who's song was released as the lead single from the album ""Confessions"", and that had pop",singer song from Confessions album,0.1802,0.1718,0.0084
QR,219c769e-44a5-4beb-ab27-532472a0896a:medium:1:1,67,"What is the name of the singer who's song was released as the lead single from the album ""Confessions"", and that had pop",singer song released as lead single from Confessions album with song stuck behind 8 weeks,0.468,0.5586,0.0906
QR,219c769e-44a5-4beb-ab27-532472a0896a:medium:1:2,67,"What is the name of the singer who's song was released as the lead single from the album ""Confessions"", and that had pop",singer song released as lead single from Confessions album with song stuck behind 8 weeks,0.468,0.5548,0.0868
QR,3a863f6c-2f4b-4a86-aaa8-089f53cb4259:medium:1:0,275,"Marion Greene was a health policy analyst for St. Judt Medical company, which had how many principal operations worldwid",St. Judt Medical principal operations count,0.286,0.2155,0.0705
QR,3a863f6c-2f4b-4a86-aaa8-089f53cb4259:medium:1:1,275,"Marion Greene was a health policy analyst for St. Judt Medical company, which had how many principal operations worldwid",St. Judt Medical principal operations count,0.286,0.2117,0.0743
QR,3a863f6c-2f4b-4a86-aaa8-089f53cb4259:medium:1:2,275,"Marion Greene was a health policy analyst for St. Judt Medical company, which had how many principal operations worldwid",St. Judt Medical principal operations count,0.286,0.2117,0.0743
QR,6ad07c3c-806e-41a5-9af1-32c8fd4f1e67:medium:1:0,290,What record did the Super Bowl XXXIV champions finish the regular-season with in 1999?,Super Bowl XXXIV champions regular season 1999,0.3768,0.5077,0.1309
QR,6ad07c3c-806e-41a5-9af1-32c8fd4f1e67:medium:1:1,290,What record did the Super Bowl XXXIV champions finish the regular-season with in 1999?,Super Bowl XXXIV champions regular season 1999,0.3768,0.5039,0.1271
QR,6ad07c3c-806e-41a5-9af1-32c8fd4f1e67:medium:1:2,290,What record did the Super Bowl XXXIV champions finish the regular-season with in 1999?,Super Bowl XXXIV champions regular season 1999,0.3768,0.5039,0.1271
QR,b5702d03-e76c-44e0-be79-f1620eaf8fe2:medium:1:0,333,"What Danish eurodance group had a single called ""Barbie Girl"" which resulted in a lawsuit in 2002?",Danish eurodance group Barbie Girl lawsuit 2002,0.3245,0.5247,0.2002
QR,b5702d03-e76c-44e0-be79-f1620eaf8fe2:medium:1:1,333,"What Danish eurodance group had a single called ""Barbie Girl"" which resulted in a lawsuit in 2002?",Danish eurodance group Barbie Girl lawsuit 2002,0.3245,0.5209,0.1964
QR,b5702d03-e76c-44e0-be79-f1620eaf8fe2:medium:1:2,333,"What Danish eurodance group had a single called ""Barbie Girl"" which resulted in a lawsuit in 2002?",Danish eurodance group Barbie Girl lawsuit 2002,0.3245,0.5209,0.1964
QR,b9620dc9-1220-4be5-8e83-5b79551ec73c:medium:1:0,116,Suicide's 1977 released album features a song based on what brand's comic character?,Suicide 1977 album song by comic character brand,0.3761,0.5779,0.2018
QR,b9620dc9-1220-4be5-8e83-5b79551ec73c:medium:1:1,116,Suicide's 1977 released album features a song based on what brand's comic character?,Suicide 1977 album song by comic character brand,0.3761,0.574,0.1979
QR,b9620dc9-1220-4be5-8e83-5b79551ec73c:medium:1:2,116,Suicide's 1977 released album features a song based on what brand's comic character?,Suicide 1977 album song by comic character brand,0.3761,0.574,0.1979
QR,fe92830a-f170-49c8-adb0-91f8ed49e340:medium:1:0,313,Who was born first Am Rong or Ava DuVernay ?,Am Rong vs Ava DuVernay birth order,0.3921,0.4132,0.0211
QR,fe92830a-f170-49c8-adb0-91f8ed49e340:medium:1:1,313,Who was born first Am Rong or Ava DuVernay ?,Am Rong vs Ava DuVernay birth order,0.3921,0.4094,0.0173
QR,fe92830a-f170-49c8-adb0-91f8ed49e340:medium:1:2,313,Who was born first Am Rong or Ava DuVernay ?,Am Rong vs Ava DuVernay birth order,0.3921,0.4094,0.0173
QR,ef9db10b-eb0a-4e32-92ef-00859d008b31:medium:1:0,160,"Who held the record for the longest service in the Australian Parliament for a woman, and was surpassed by  a former Aus",longest service female MP Australian Parliament,0.2282,0.1278,0.1004
QR,ef9db10b-eb0a-4e32-92ef-00859d008b31:medium:1:1,160,"Who held the record for the longest service in the Australian Parliament for a woman, and was surpassed by  a former Aus",longest service female MP Australian Parliament,0.2282,0.124,0.1042
QR,ef9db10b-eb0a-4e32-92ef-00859d008b31:medium:1:2,160,"Who held the record for the longest service in the Australian Parliament for a woman, and was surpassed by  a former Aus",longest service female MP Australian Parliament,0.2282,0.124,0.1042
QR,523ed2c9-db12-4392-b17e-83f071356696:medium:1:0,511,"What was the nationality of the actor playing a Russian hostage taker in ""Hostage for a Day""?",actor nationality in Hostage for a Day,0.2923,0.5213,0.229
QR,523ed2c9-db12-4392-b17e-83f071356696:medium:1:1,511,"What was the nationality of the actor playing a Russian hostage taker in ""Hostage for a Day""?",actor nationality in Hostage for a Day,0.2923,0.5175,0.2252
QR,523ed2c9-db12-4392-b17e-83f071356696:medium:1:2,511,"What was the nationality of the actor playing a Russian hostage taker in ""Hostage for a Day""?",actor nationality in Hostage for a Day,0.2923,0.5175,0.2252
QR,1efbc557-33d6-4da3-b041-5075d2c73653:medium:1:0,425,Las Vegas Festival Grounds is north of the hotel that is owned by which company?,Las Vegas Festival Grounds location near hotel owned by company,0.5756,0.5112,0.0644
QR,1efbc557-33d6-4da3-b041-5075d2c73653:medium:1:1,425,Las Vegas Festival Grounds is north of the hotel that is owned by which company?,Las Vegas Festival Grounds location near hotel owned by company,0.5756,0.5074,0.0682
QR,1efbc557-33d6-4da3-b041-5075d2c73653:medium:1:2,425,Las Vegas Festival Grounds is north of the hotel that is owned by which company?,Las Vegas Festival Grounds location near hotel owned by company,0.5756,0.5074,0.0682
QR,dbf11f65-2e92-4878-ad17-5895fea53df4:medium:1:0,463,Blinding Edge Pictures produced which 2000 film starring Bruce Willis?,Blinding Edge Pictures 2000 film starring Bruce Willis,0.7927,0.5163,0.2764
QR,dbf11f65-2e92-4878-ad17-5895fea53df4:medium:1:1,463,Blinding Edge Pictures produced which 2000 film starring Bruce Willis?,Blinding Edge Pictures 2000 film starring Bruce Willis,0.7927,0.5125,0.2802
QR,dbf11f65-2e92-4878-ad17-5895fea53df4:medium:1:2,463,Blinding Edge Pictures produced which 2000 film starring Bruce Willis?,Blinding Edge Pictures 2000 film starring Bruce Willis,0.7927,0.5125,0.2802
QR,27cee8d9-2c1b-465b-aabe-809e19f10135:medium:1:0,276,Which Genus has more species Eucryphia or Lepidozamia ?,eucryphia vs lepidozamia genus species count,0.4368,0.3985,0.0383
QR,27cee8d9-2c1b-465b-aabe-809e19f10135:medium:1:1,276,Which Genus has more species Eucryphia or Lepidozamia ?,Eucryphia vs Lepidozamia species count,0.3257,0.3577,0.032
QR,27cee8d9-2c1b-465b-aabe-809e19f10135:medium:1:2,276,Which Genus has more species Eucryphia or Lepidozamia ?,Eucryphia vs Lepidozamia species count,0.3257,0.3577,0.032
QR,4d2a744b-0afb-4859-b7ee-a6f17954ee33:medium:1:0,371,"What country does Eric A. Sykes and Eccles, Greater Manchester have ion common?",Eric A Sykes Eccles Greater Manchester commonality with,0.3781,0.4983,0.1202
QR,4d2a744b-0afb-4859-b7ee-a6f17954ee33:medium:1:1,371,"What country does Eric A. Sykes and Eccles, Greater Manchester have ion common?",Eric A Sykes Eccles Greater Manchester commonality with,0.3781,0.4945,0.1164
QR,4d2a744b-0afb-4859-b7ee-a6f17954ee33:medium:1:2,371,"What country does Eric A. Sykes and Eccles, Greater Manchester have ion common?",Eric A Sykes Eccles Greater Manchester commonality with,0.3781,0.4945,0.1164
QR,ea186f06-7fcb-4b3b-a304-28092ba9342a:medium:1:0,103,Where is the stadium at which 1964 Georgia Tech Yellow Jackets football team played their home game located? ,Georgia Tech Yellow Jackets football stadium location,0.3466,0.3847,0.0381
QR,ea186f06-7fcb-4b3b-a304-28092ba9342a:medium:1:1,103,Where is the stadium at which 1964 Georgia Tech Yellow Jackets football team played their home game located? ,Georgia Tech Yellow Jackets football stadium location,0.3466,0.3809,0.0343
QR,ea186f06-7fcb-4b3b-a304-28092ba9342a:medium:1:2,103,Where is the stadium at which 1964 Georgia Tech Yellow Jackets football team played their home game located? ,Georgia Tech Yellow Jackets football stadium location,0.3466,0.3809,0.0343
QR,6b5784e7-bc8c-47e3-8aa5-743dfe6e920a:medium:1:0,158,What football club plays in the area between the old tool gates: Brook Bar and Trafford bar?,Old Trafford football club location,0.3,0.3455,0.0455
QR,6b5784e7-bc8c-47e3-8aa5-743dfe6e920a:medium:1:1,158,What football club plays in the area between the old tool gates: Brook Bar and Trafford bar?,Old Trafford football club location,0.3,0.3417,0.0417
QR,6b5784e7-bc8c-47e3-8aa5-743dfe6e920a:medium:1:2,158,What football club plays in the area between the old tool gates: Brook Bar and Trafford bar?,Old Trafford football club location,0.3,0.3417,0.0417
QR,372d1d3f-145f-4ca1-a1d3-584c51c11114:medium:1:0,248,"Which author has won more Pulitzer Prizes, Thomas Friedman or Henri Bergson?",Pulitzer Prize winner between Thomas Friedman and Henri Bergson,0.3503,0.4871,0.1368
QR,372d1d3f-145f-4ca1-a1d3-584c51c11114:medium:1:1,248,"Which author has won more Pulitzer Prizes, Thomas Friedman or Henri Bergson?",Pulitzer Prize winner between Thomas Friedman and Henri Bergson,0.3503,0.4833,0.133
QR,372d1d3f-145f-4ca1-a1d3-584c51c11114:medium:1:2,248,"Which author has won more Pulitzer Prizes, Thomas Friedman or Henri Bergson?",Pulitzer Prize winner between Thomas Friedman and Henri Bergson,0.3503,0.4833,0.133
QR,6a4ecb64-b31e-4e1c-bfae-9d70d62aab03:medium:1:0,506,Is Gasherbrum II or Nuptse closest to the tallest mountain in the world?,tallest mountain in the world,0.4229,0.429,0.0061
QR,6a4ecb64-b31e-4e1c-bfae-9d70d62aab03:medium:1:1,506,Is Gasherbrum II or Nuptse closest to the tallest mountain in the world?,tallest mountain in the world,0.4229,0.4252,0.0023
QR,6a4ecb64-b31e-4e1c-bfae-9d70d62aab03:medium:1:2,506,Is Gasherbrum II or Nuptse closest to the tallest mountain in the world?,tallest mountain in the world,0.4229,0.4252,0.0023
QR,84d20a63-5e4e-46f9-9232-557bcc15870f:medium:1:0,193,In which city are the headquarters of the American research and scientific development company where Ravi Sethi worked a,Ravi Sethi location,0.1048,0.1182,0.0134
QR,84d20a63-5e4e-46f9-9232-557bcc15870f:medium:1:1,193,In which city are the headquarters of the American research and scientific development company where Ravi Sethi worked a,Ravi Sethi location,0.1048,0.1144,0.0096
QR,84d20a63-5e4e-46f9-9232-557bcc15870f:medium:1:2,193,In which city are the headquarters of the American research and scientific development company where Ravi Sethi worked a,Ravi Sethi location,0.1048,0.1144,0.0096
QR,80a71c35-1093-4668-a2ec-70c9b9ba4d8a:medium:1:0,368,"Haruki Murakami said that writing ""Dance Dance Dance"" had been a healing act after his unexpected fame following the pub",Haruki Murakami novel publication year,0.2183,0.0752,0.1431
QR,80a71c35-1093-4668-a2ec-70c9b9ba4d8a:medium:1:1,368,"Haruki Murakami said that writing ""Dance Dance Dance"" had been a healing act after his unexpected fame following the pub",Murakami Dance Dance Dance healing 1985,0.1214,0.1248,0.0034
QR,80a71c35-1093-4668-a2ec-70c9b9ba4d8a:medium:1:2,368,"Haruki Murakami said that writing ""Dance Dance Dance"" had been a healing act after his unexpected fame following the pub",Murakami Dance Dance Dance healing 1985,0.1214,0.1248,0.0034
QR,8b19691c-5721-41f6-a55b-d98c3df217c7:medium:1:0,490,In between Berghuis v. Thompkins and Mississippi University for Women v. Hogan which one was a  case decided 5-4 by the ,Berghuis v Thompkins vs Mississippi University for Women v Hogan Supreme Court decision,0.4619,0.4202,0.0417
QR,8b19691c-5721-41f6-a55b-d98c3df217c7:medium:1:1,490,In between Berghuis v. Thompkins and Mississippi University for Women v. Hogan which one was a  case decided 5-4 by the ,Berghuis v Thompkins vs Mississippi University for Women v Hogan Supreme Court decision,0.4619,0.4163,0.0456
QR,8b19691c-5721-41f6-a55b-d98c3df217c7:medium:1:2,490,In between Berghuis v. Thompkins and Mississippi University for Women v. Hogan which one was a  case decided 5-4 by the ,Berghuis v Thompkins vs Mississippi University for Women v Hogan Supreme Court decision,0.4619,0.4163,0.0456
QR,2353552d-e51c-4ab8-ba11-0bf80f691ad5:medium:1:0,513,What professions did S. Sylvan Simon and Danny Cannon have in common?,Sylvan Simon Danny Cannon profession,0.3567,0.4302,0.0735
QR,2353552d-e51c-4ab8-ba11-0bf80f691ad5:medium:1:1,513,What professions did S. Sylvan Simon and Danny Cannon have in common?,Sylvan Simon Danny Cannon profession,0.3567,0.4264,0.0697
QR,2353552d-e51c-4ab8-ba11-0bf80f691ad5:medium:1:2,513,What professions did S. Sylvan Simon and Danny Cannon have in common?,Sylvan Simon Danny Cannon profession,0.3567,0.4264,0.0697
QR,61e2e7da-3a57-4117-9063-d1c720a7821a:medium:1:0,4,"The director of the romantic comedy ""Big Stone Gap"" is based in what New York city?",director Big Stone Gap based in NYC,0.2071,0.4796,0.2725
QR,61e2e7da-3a57-4117-9063-d1c720a7821a:medium:1:1,4,"The director of the romantic comedy ""Big Stone Gap"" is based in what New York city?",director Big Stone Gap based in NYC,0.2071,0.4758,0.2687
QR,61e2e7da-3a57-4117-9063-d1c720a7821a:medium:1:2,4,"The director of the romantic comedy ""Big Stone Gap"" is based in what New York city?",director Big Stone Gap based in NYC,0.2071,0.4758,0.2687
QR,1f8dee5d-eda8-4c23-8ed1-632bae3d406c:medium:1:0,598,What movie is the the Spinning turtle attraction in the worlds 21st largest theme park based off of?,Spinning Turtle attraction in world 21st largest theme park,0.5305,0.5043,0.0262
QR,1f8dee5d-eda8-4c23-8ed1-632bae3d406c:medium:1:1,598,What movie is the the Spinning turtle attraction in the worlds 21st largest theme park based off of?,Spinning Turtle attraction in world 21st largest theme park,0.5305,0.5004,0.0301
QR,1f8dee5d-eda8-4c23-8ed1-632bae3d406c:medium:1:2,598,What movie is the the Spinning turtle attraction in the worlds 21st largest theme park based off of?,Spinning Turtle attraction in world 21st largest theme park,0.5305,0.5004,0.0301
QR,c5f18b19-be83-4a2d-8264-ebe20e4c61f7:medium:1:0,214,"Who was born first, Arthur Conan Doyle or Penelope Lively?",Arthur Conan Doyle vs Penelope Lively birth order,0.4468,0.4525,0.0057
QR,c5f18b19-be83-4a2d-8264-ebe20e4c61f7:medium:1:1,214,"Who was born first, Arthur Conan Doyle or Penelope Lively?",Arthur Conan Doyle vs Penelope Lively birth order,0.4468,0.4487,0.0019
QR,c5f18b19-be83-4a2d-8264-ebe20e4c61f7:medium:1:2,214,"Who was born first, Arthur Conan Doyle or Penelope Lively?",Arthur Conan Doyle vs Penelope Lively birth order,0.4468,0.4487,0.0019
QR,d1810ef0-dd0a-4de0-a5c1-4811871807e1:medium:1:0,519,James Spedding was chiefly known as the editor of the works of an author who served both as Attorney General and as what,author who served as Attorney General,0.4214,0.2389,0.1825
QR,d1810ef0-dd0a-4de0-a5c1-4811871807e1:medium:1:1,519,James Spedding was chiefly known as the editor of the works of an author who served both as Attorney General and as what,author who served as Attorney General,0.4214,0.2351,0.1863
QR,d1810ef0-dd0a-4de0-a5c1-4811871807e1:medium:1:2,519,James Spedding was chiefly known as the editor of the works of an author who served both as Attorney General and as what,author who served as Attorney General,0.4214,0.2351,0.1863
QR,f0fc9b75-12e0-469c-82c7-d622eb1d82e9:medium:1:0,136,"The 1974 Texas Tech Raiders football team represented what public research university in Lubbock, Texas?",Texas Tech Raiders 1974,0.3272,0.3829,0.0557
QR,f0fc9b75-12e0-469c-82c7-d622eb1d82e9:medium:1:1,136,"The 1974 Texas Tech Raiders football team represented what public research university in Lubbock, Texas?",Texas Tech Raiders 1974,0.3272,0.3791,0.0519
QR,f0fc9b75-12e0-469c-82c7-d622eb1d82e9:medium:1:2,136,"The 1974 Texas Tech Raiders football team represented what public research university in Lubbock, Texas?",Texas Tech Raiders 1974,0.3272,0.3791,0.0519
QR,5d3659bb-f356-4e57-8cf7-1b82a4f94116:medium:1:0,326,"The voice of Homer Simpson also voices what alien character in the television series ""The Simpsons""?",Homer Simpson alien character in The Simpsons TV show,0.2591,0.4313,0.1722
QR,5d3659bb-f356-4e57-8cf7-1b82a4f94116:medium:1:1,326,"The voice of Homer Simpson also voices what alien character in the television series ""The Simpsons""?",Homer Simpson alien character in The Simpsons TV show,0.2591,0.4275,0.1684
QR,5d3659bb-f356-4e57-8cf7-1b82a4f94116:medium:1:2,326,"The voice of Homer Simpson also voices what alien character in the television series ""The Simpsons""?",Homer Simpson alien character in The Simpsons TV show,0.2591,0.4275,0.1684
QR,9dc651d9-8ce0-4ae5-98cb-b6fa32014f7c:medium:1:0,83,"Handi-Snacks are a snack food product line sold by what American multinational confectionery, food, and beverage company",Handi-Snacks company Illinois,0.1815,0.0906,0.0909
QR,9dc651d9-8ce0-4ae5-98cb-b6fa32014f7c:medium:1:1,83,"Handi-Snacks are a snack food product line sold by what American multinational confectionery, food, and beverage company",Handi-Snacks company Illinois,0.1815,0.0867,0.0948
QR,9dc651d9-8ce0-4ae5-98cb-b6fa32014f7c:medium:1:2,83,"Handi-Snacks are a snack food product line sold by what American multinational confectionery, food, and beverage company",Handi-Snacks company Illinois,0.1815,0.0867,0.0948
QR,0f9b842d-774d-499f-b168-efc2854fff9e:medium:1:0,409,What are the names of the members of the Detroit-based hip hop duo who has worked with Jason Gilbert?,detroit based hip hop duo members jason gilbert,0.3678,0.4283,0.0605
QR,0f9b842d-774d-499f-b168-efc2854fff9e:medium:1:1,409,What are the names of the members of the Detroit-based hip hop duo who has worked with Jason Gilbert?,detroit based hip hop duo members jason gilbert,0.3678,0.4245,0.0567
QR,0f9b842d-774d-499f-b168-efc2854fff9e:medium:1:2,409,What are the names of the members of the Detroit-based hip hop duo who has worked with Jason Gilbert?,detroit based hip hop duo members jason gilbert,0.3678,0.4245,0.0567
QR,5ee98723-b590-48d4-ba89-7c224295d64f:medium:1:0,465,Which American Space Western animated series did Celebrity Home Entertainment released ,American Space Western animated series by Celebrity Home Entertainment,0.7204,0.6057,0.1147
QR,5ee98723-b590-48d4-ba89-7c224295d64f:medium:1:1,465,Which American Space Western animated series did Celebrity Home Entertainment released ,American Space Western animated series by Celebrity Home Entertainment,0.7204,0.6019,0.1185
QR,5ee98723-b590-48d4-ba89-7c224295d64f:medium:1:2,465,Which American Space Western animated series did Celebrity Home Entertainment released ,American Space Western animated series by Celebrity Home Entertainment,0.7204,0.6019,0.1185
QR,b1bea6cc-0a16-47de-a83b-5e3d4d223bc2:medium:1:0,6,Who was known by his stage name Aladin and helped organizations improve their performance as a consultant?,Aladin consultant,0.1461,0.195,0.0489
QR,b1bea6cc-0a16-47de-a83b-5e3d4d223bc2:medium:1:1,6,Who was known by his stage name Aladin and helped organizations improve their performance as a consultant?,Aladin consultant,0.1461,0.1912,0.0451
QR,b1bea6cc-0a16-47de-a83b-5e3d4d223bc2:medium:1:2,6,Who was known by his stage name Aladin and helped organizations improve their performance as a consultant?,Aladin consultant,0.1461,0.1912,0.0451
QR,06b95cfd-62f9-4fd7-b680-6d917a075396:medium:1:0,344,Garden Island Naval Chapel is the oldest Chistian chapel of a naval branch of what defence force?,oldest Christian chapel in naval force of what defence,0.5382,0.5227,0.0155
QR,06b95cfd-62f9-4fd7-b680-6d917a075396:medium:1:1,344,Garden Island Naval Chapel is the oldest Chistian chapel of a naval branch of what defence force?,oldest Christian naval chapel Garden Island Australia,0.4094,0.4915,0.0821
QR,06b95cfd-62f9-4fd7-b680-6d917a075396:medium:1:2,344,Garden Island Naval Chapel is the oldest Chistian chapel of a naval branch of what defence force?,oldest Christian naval chapel Garden Island Australia,0.4094,0.4915,0.0821
QR,0163fced-d407-4d20-b38f-4a2595b0563b:medium:1:0,369,Erica Packer was the second wife of what Australian businessman?,Australian businessman second wife Erica Packer,0.8493,0.5006,0.3487
QR,0163fced-d407-4d20-b38f-4a2595b0563b:medium:1:1,369,Erica Packer was the second wife of what Australian businessman?,Australian businessman second wife Erica Packer,0.8493,0.4968,0.3525
QR,0163fced-d407-4d20-b38f-4a2595b0563b:medium:1:2,369,Erica Packer was the second wife of what Australian businessman?,Australian businessman second wife Erica Packer,0.8493,0.4968,0.3525
QR,df1e10fd-f27f-4f1d-af77-ac39fc64a5e5:medium:1:0,32,Which  French ace pilot and adventurer fly L'Oiseau Blanc,French ace pilot who flew L'Oiseau Blanc,0.4911,0.5266,0.0355
QR,df1e10fd-f27f-4f1d-af77-ac39fc64a5e5:medium:1:1,32,Which  French ace pilot and adventurer fly L'Oiseau Blanc,French ace pilot who flew L'Oiseau Blanc,0.4911,0.5228,0.0317
QR,df1e10fd-f27f-4f1d-af77-ac39fc64a5e5:medium:1:2,32,Which  French ace pilot and adventurer fly L'Oiseau Blanc,French ace pilot who flew L'Oiseau Blanc,0.4911,0.5228,0.0317
QR,9d0f936f-c635-4a9e-b705-6566c8a6a053:medium:1:0,387,Dead but Rising was a song by the Danish band fomed in what city in 2001?,Dead but Rising song by Danish band formed in 2001,0.6272,0.566,0.0612
QR,9d0f936f-c635-4a9e-b705-6566c8a6a053:medium:1:1,387,Dead but Rising was a song by the Danish band fomed in what city in 2001?,Dead but Rising song by Danish band formed in 2001,0.6272,0.5622,0.065
QR,9d0f936f-c635-4a9e-b705-6566c8a6a053:medium:1:2,387,Dead but Rising was a song by the Danish band fomed in what city in 2001?,Dead but Rising song by Danish band formed in 2001,0.6272,0.5622,0.065
QR,51b6a478-e272-4054-aa19-d00b3ec70652:medium:1:0,58,"According to the 2001 census, what was the population of the city in which Kirton End is located?",population of city where Kirton End is located,0.4477,0.3764,0.0713
QR,51b6a478-e272-4054-aa19-d00b3ec70652:medium:1:1,58,"According to the 2001 census, what was the population of the city in which Kirton End is located?",population of city where Kirton End is located,0.4477,0.3726,0.0751
QR,51b6a478-e272-4054-aa19-d00b3ec70652:medium:1:2,58,"According to the 2001 census, what was the population of the city in which Kirton End is located?",population of city where Kirton End is located,0.4477,0.3726,0.0751
QR,49796a0e-ad23-496d-9cc7-5337db175c4b:medium:1:0,174,"Which of the city at the south of Shelly Beach, New South Wales is a local government area in the Hunter region of New S",Shelly Beach NSW local government area Hunter region,0.4593,0.3331,0.1262
QR,49796a0e-ad23-496d-9cc7-5337db175c4b:medium:1:1,174,"Which of the city at the south of Shelly Beach, New South Wales is a local government area in the Hunter region of New S",Shelly Beach NSW local government area Hunter region,0.4593,0.3293,0.13
QR,49796a0e-ad23-496d-9cc7-5337db175c4b:medium:1:2,174,"Which of the city at the south of Shelly Beach, New South Wales is a local government area in the Hunter region of New S",Shelly Beach NSW local government area Hunter region,0.4593,0.3293,0.13
QR,4e6ba8fe-9fec-46b7-a6fb-05e2d77e4f8c:medium:1:0,3,Are the Laleli Mosque and Esma Sultan Mansion located in the same neighborhood?,Laleli Mosque and Esma Sultan Mansion in same neighborhood,0.7694,0.5826,0.1868
QR,4e6ba8fe-9fec-46b7-a6fb-05e2d77e4f8c:medium:1:1,3,Are the Laleli Mosque and Esma Sultan Mansion located in the same neighborhood?,Laleli Mosque and Esma Sultan Mansion in same neighborhood,0.7694,0.5788,0.1906
QR,4e6ba8fe-9fec-46b7-a6fb-05e2d77e4f8c:medium:1:2,3,Are the Laleli Mosque and Esma Sultan Mansion located in the same neighborhood?,Laleli Mosque and Esma Sultan Mansion in same neighborhood,0.7694,0.5788,0.1906
QR,388704f0-bffd-4aa3-9e69-7325812f4164:medium:1:0,60,What distinction is held by the former NBA player who was a member of the Charlotte Hornets during their 1992-93 season ,former NBA player Charlotte Hornets 1992-93 coach WNBA Charlotte Sting,0.4642,0.3761,0.0881
QR,388704f0-bffd-4aa3-9e69-7325812f4164:medium:1:1,60,What distinction is held by the former NBA player who was a member of the Charlotte Hornets during their 1992-93 season ,former NBA player Charlotte Hornets 1992-93 coach WNBA Charlotte Sting,0.4642,0.3722,0.092
QR,388704f0-bffd-4aa3-9e69-7325812f4164:medium:1:2,60,What distinction is held by the former NBA player who was a member of the Charlotte Hornets during their 1992-93 season ,former NBA player Charlotte Hornets 1992-93 coach WNBA Charlotte Sting,0.4642,0.3722,0.092
QR,e39e7e04-6ce0-4484-9d43-8bbbc14d6ecf:medium:1:0,382,What act for Innocent Records achieved Platinum sales and shares its name with a primary color in the RGB color model?,Innocent Records platinum sales color,0.3269,0.2791,0.0478
QR,e39e7e04-6ce0-4484-9d43-8bbbc14d6ecf:medium:1:1,382,What act for Innocent Records achieved Platinum sales and shares its name with a primary color in the RGB color model?,Innocent Records platinum sales color,0.3269,0.2753,0.0516
QR,e39e7e04-6ce0-4484-9d43-8bbbc14d6ecf:medium:1:2,382,What act for Innocent Records achieved Platinum sales and shares its name with a primary color in the RGB color model?,Innocent Records platinum sales color,0.3269,0.2753,0.0516
QR,7c073a34-06a6-42fc-a04e-5e751d2b043d:medium:1:0,167,Both Bishop Carroll Catholic High School and Kapaun Mt. Carmel Catholic High School are located in which city in Kansas?,Bishop Carroll Catholic High School or Kapaun Mt. Carmel Catholic High School in Kansas city,0.7041,0.6751,0.029
QR,7c073a34-06a6-42fc-a04e-5e751d2b043d:medium:1:1,167,Both Bishop Carroll Catholic High School and Kapaun Mt. Carmel Catholic High School are located in which city in Kansas?,Bishop Carroll Catholic High School or Kapaun Mt. Carmel Catholic High School in Kansas city,0.7041,0.6713,0.0328
QR,7c073a34-06a6-42fc-a04e-5e751d2b043d:medium:1:2,167,Both Bishop Carroll Catholic High School and Kapaun Mt. Carmel Catholic High School are located in which city in Kansas?,Bishop Carroll Catholic High School or Kapaun Mt. Carmel Catholic High School in Kansas city,0.7041,0.6713,0.0328
QR,f41925f4-f430-4335-9475-af1c092c9f80:medium:1:0,161,"Which man who presented the Australia 2022 FIFA World Cup bid was born on October 22, 1930?",Australia 2022 FIFA World Cup bid presenter born October 22 1930,0.6573,0.5085,0.1488
QR,f41925f4-f430-4335-9475-af1c092c9f80:medium:1:1,161,"Which man who presented the Australia 2022 FIFA World Cup bid was born on October 22, 1930?",Australia 2022 FIFA World Cup bid presenter born October 22 1930,0.6573,0.5047,0.1526
QR,f41925f4-f430-4335-9475-af1c092c9f80:medium:1:2,161,"Which man who presented the Australia 2022 FIFA World Cup bid was born on October 22, 1930?",Australia 2022 FIFA World Cup bid presenter born October 22 1930,0.6573,0.5047,0.1526
QR,2c449d73-831e-4d74-a3b6-19996f8acf5b:medium:1:0,13,Are Random House Tower and 888 7th Avenue both used for real estate?,Random House Tower vs 888 7th Ave real estate use,0.4911,0.5063,0.0152
QR,2c449d73-831e-4d74-a3b6-19996f8acf5b:medium:1:1,13,Are Random House Tower and 888 7th Avenue both used for real estate?,Random House Tower or 888 7th Ave real estate,0.5744,0.5017,0.0727
QR,2c449d73-831e-4d74-a3b6-19996f8acf5b:medium:1:2,13,Are Random House Tower and 888 7th Avenue both used for real estate?,Random House Tower or 888 7th Ave real estate,0.5744,0.4979,0.0765
QR,fb1848c6-7e74-4a72-9446-c6498a32d092:medium:1:0,433,"Which band has more members, Test Icicles or X Ambassadors?",Test Icicles vs X Ambassadors member count,0.3265,0.4759,0.1494
QR,fb1848c6-7e74-4a72-9446-c6498a32d092:medium:1:1,433,"Which band has more members, Test Icicles or X Ambassadors?",Test Icicles vs X Ambassadors member count,0.3265,0.4721,0.1456
QR,fb1848c6-7e74-4a72-9446-c6498a32d092:medium:1:2,433,"Which band has more members, Test Icicles or X Ambassadors?",Test Icicles vs X Ambassadors member count,0.3265,0.4721,0.1456
QR,b2f08b60-df1d-49b2-8247-382cc31b47c9:medium:1:0,28,Kaiser Ventures corporation was founded by an American industrialist who became known as the father of modern American s,Kaiser Ventures founder father of modern American shipbuilding,0.4207,0.5307,0.11
QR,b2f08b60-df1d-49b2-8247-382cc31b47c9:medium:1:1,28,Kaiser Ventures corporation was founded by an American industrialist who became known as the father of modern American s,Kaiser Ventures founder father of modern American shipbuilding,0.4207,0.5269,0.1062
QR,b2f08b60-df1d-49b2-8247-382cc31b47c9:medium:1:2,28,Kaiser Ventures corporation was founded by an American industrialist who became known as the father of modern American s,Kaiser Ventures founder father of modern American shipbuilding,0.4207,0.5269,0.1062
QR,29439da0-b992-4d49-9687-82b97c29260d:medium:1:0,358,What city did the characters from Gargoyles the Movie: The Heroes Awaken wake up in after being in an enchantedly petrif,Gargoyles the Movie: The Heroes Awaken characters wake up in city after 1000 year petrification,0.4207,0.4973,0.0766
QR,29439da0-b992-4d49-9687-82b97c29260d:medium:1:1,358,What city did the characters from Gargoyles the Movie: The Heroes Awaken wake up in after being in an enchantedly petrif,Gargoyles movie heroes awaken city,0.2026,0.164,0.0386
QR,29439da0-b992-4d49-9687-82b97c29260d:medium:1:2,358,What city did the characters from Gargoyles the Movie: The Heroes Awaken wake up in after being in an enchantedly petrif,Gargoyles movie heroes awaken city,0.2026,0.164,0.0386
QR,15a68f78-5a1b-4f29-a400-7d53fb8ac18f:medium:1:0,573,Ms. Knope Goes to Washington is the fifth season premiere of an American political comedy television sitcom starring Amy,Amy Poehler character in American political comedy TV show,0.2421,0.4064,0.1643
QR,15a68f78-5a1b-4f29-a400-7d53fb8ac18f:medium:1:1,573,Ms. Knope Goes to Washington is the fifth season premiere of an American political comedy television sitcom starring Amy,Amy Poehler character in Parks and Recreation,0.0921,0.2221,0.13
QR,15a68f78-5a1b-4f29-a400-7d53fb8ac18f:medium:1:2,573,Ms. Knope Goes to Washington is the fifth season premiere of an American political comedy television sitcom starring Amy,Amy Poehler character in Parks and Recreation,0.0921,0.2221,0.13
QR,6aabb234-ea35-4dc3-9ae3-730cc3d7a583:medium:1:0,393,In which county is the English king Harold Godwinson buried?,Harold Godwinson burial location,0.2163,0.3839,0.1676
QR,6aabb234-ea35-4dc3-9ae3-730cc3d7a583:medium:1:1,393,In which county is the English king Harold Godwinson buried?,Harold Godwinson burial location,0.2163,0.3801,0.1638
QR,6aabb234-ea35-4dc3-9ae3-730cc3d7a583:medium:1:2,393,In which county is the English king Harold Godwinson buried?,Harold Godwinson burial location,0.2163,0.3801,0.1638
QR,1706f57c-9b9f-487d-9fab-1021ab78631c:medium:1:0,169,This Celtic ruler who was born in AD 43 ruled southeastern Britain prior to conquest by which empire?,Celtic ruler born AD 43 ruled Britain before Roman conquest,0.4917,0.5447,0.053
QR,1706f57c-9b9f-487d-9fab-1021ab78631c:medium:1:1,169,This Celtic ruler who was born in AD 43 ruled southeastern Britain prior to conquest by which empire?,Celtic ruler born AD 43 ruled Britain before Roman conquest,0.4917,0.5409,0.0492
QR,1706f57c-9b9f-487d-9fab-1021ab78631c:medium:1:2,169,This Celtic ruler who was born in AD 43 ruled southeastern Britain prior to conquest by which empire?,Celtic ruler born AD 43 ruled Britain before Roman conquest,0.4917,0.5409,0.0492
QR,f225384f-54f5-4196-92ca-18fb175dce04:medium:1:0,442,What book provided the foundation for Masters and Johnson's research team?,Masters and Johnson book foundation,0.3229,0.3789,0.056
QR,f225384f-54f5-4196-92ca-18fb175dce04:medium:1:1,442,What book provided the foundation for Masters and Johnson's research team?,Masters and Johnson book foundation,0.3229,0.3751,0.0522
QR,f225384f-54f5-4196-92ca-18fb175dce04:medium:1:2,442,What book provided the foundation for Masters and Johnson's research team?,Masters and Johnson book foundation,0.3229,0.3751,0.0522
QR,e8feccf8-314c-4429-a197-f46f64a9178f:medium:1:0,584,"Which king of Northumbria did The ""Historia"" gives the abbot central place in his election as king",king of Northumbria Historia abbot central place in election,0.453,0.448,0.005
QR,e8feccf8-314c-4429-a197-f46f64a9178f:medium:1:1,584,"Which king of Northumbria did The ""Historia"" gives the abbot central place in his election as king",king of Northumbria Historia abbot central place in election,0.453,0.4442,0.0088
QR,e8feccf8-314c-4429-a197-f46f64a9178f:medium:1:2,584,"Which king of Northumbria did The ""Historia"" gives the abbot central place in his election as king",king of Northumbria Historia abbot central place in election,0.453,0.4442,0.0088
QR,900c1c04-dac5-4967-ae7e-4c81864e6687:medium:1:0,414,"The actress that played the leading role in the independent film ""A Perfect Ending"" also stars with John Bregar in a 200",who directed 2008 film starring actress from A Perfect Ending and John Bregar,0.3706,0.4734,0.1028
QR,900c1c04-dac5-4967-ae7e-4c81864e6687:medium:1:1,414,"The actress that played the leading role in the independent film ""A Perfect Ending"" also stars with John Bregar in a 200",director of A Perfect Ending 2008 starring John Bregar,0.1801,0.3394,0.1593
QR,900c1c04-dac5-4967-ae7e-4c81864e6687:medium:1:2,414,"The actress that played the leading role in the independent film ""A Perfect Ending"" also stars with John Bregar in a 200",director of A Perfect Ending 2008 starring John Bregar,0.1801,0.3394,0.1593
QR,ea4132d6-df11-47ab-8e0e-e8e205bec4f7:medium:1:0,360,The Waterloo Vase has been used as a garden ornament at whose residence and administrative headquarters?,Waterloo Vase garden ornament residence administrative headquarters,0.5313,0.3646,0.1667
QR,ea4132d6-df11-47ab-8e0e-e8e205bec4f7:medium:1:1,360,The Waterloo Vase has been used as a garden ornament at whose residence and administrative headquarters?,Waterloo Vase garden ornament location,0.2785,0.2397,0.0388
QR,ea4132d6-df11-47ab-8e0e-e8e205bec4f7:medium:1:2,360,The Waterloo Vase has been used as a garden ornament at whose residence and administrative headquarters?,Waterloo Vase garden ornament location,0.2785,0.2397,0.0388
QR,92693c44-21a5-4a78-b9a5-31a474d178cf:medium:1:0,424,What is the height of the player who won the 2015 AFL Rising Star award?,AFL Rising Star award winner 2015 height,0.5374,0.4237,0.1137
QR,92693c44-21a5-4a78-b9a5-31a474d178cf:medium:1:1,424,What is the height of the player who won the 2015 AFL Rising Star award?,AFL Rising Star award winner 2015 height,0.5374,0.4199,0.1175
QR,92693c44-21a5-4a78-b9a5-31a474d178cf:medium:1:2,424,What is the height of the player who won the 2015 AFL Rising Star award?,AFL Rising Star award winner 2015 height,0.5374,0.4199,0.1175
QR,dc12030a-f8a9-4832-9d19-4c3d781749e4:medium:1:0,45,"A medieval fortress in Dirleton, East Lothian, Scotland borders on the south side of what coastal area?",Dirleton East Lothian Scotland coastal area,0.493,0.4255,0.0675
QR,dc12030a-f8a9-4832-9d19-4c3d781749e4:medium:1:1,45,"A medieval fortress in Dirleton, East Lothian, Scotland borders on the south side of what coastal area?",Dirleton East Lothian Scotland coastal area,0.493,0.4217,0.0713
QR,dc12030a-f8a9-4832-9d19-4c3d781749e4:medium:1:2,45,"A medieval fortress in Dirleton, East Lothian, Scotland borders on the south side of what coastal area?",Dirleton East Lothian Scotland coastal area,0.493,0.4217,0.0713
QR,5c93b1f3-38c8-4c7f-9099-28fc3ae07167:medium:1:0,348,Wheat salad is composed typically of what red fruit?,what red fruit is in wheat salad,0.708,0.5998,0.1082
QR,5c93b1f3-38c8-4c7f-9099-28fc3ae07167:medium:1:1,348,Wheat salad is composed typically of what red fruit?,what red fruit is in wheat salad,0.708,0.596,0.112
QR,5c93b1f3-38c8-4c7f-9099-28fc3ae07167:medium:1:2,348,Wheat salad is composed typically of what red fruit?,what red fruit is in wheat salad,0.708,0.596,0.112
QR,f682191d-0deb-4caa-83b7-8b654134b15d:medium:1:0,430,What team did the recipient of the 2007 Brownlow Medal play for?,Brownlow Medal winner 2007 team,0.4375,0.4008,0.0367
QR,f682191d-0deb-4caa-83b7-8b654134b15d:medium:1:1,430,What team did the recipient of the 2007 Brownlow Medal play for?,Brownlow Medal winner 2007 team,0.4375,0.397,0.0405
QR,f682191d-0deb-4caa-83b7-8b654134b15d:medium:1:2,430,What team did the recipient of the 2007 Brownlow Medal play for?,Brownlow Medal winner 2007 team,0.4375,0.397,0.0405
QR,13ca3205-0543-4827-b701-037efa30c91d:medium:1:0,22,"Aside from the Apple Remote, what other device can control the program Apple Remote was originally designed to interact ",device that interacts with apple remote,0.2437,0.3014,0.0577
QR,13ca3205-0543-4827-b701-037efa30c91d:medium:1:1,22,"Aside from the Apple Remote, what other device can control the program Apple Remote was originally designed to interact ",Apple Remote original purpose,0.1187,0.2648,0.1461
QR,13ca3205-0543-4827-b701-037efa30c91d:medium:1:2,22,"Aside from the Apple Remote, what other device can control the program Apple Remote was originally designed to interact ",Apple Remote original purpose,0.1187,0.2648,0.1461
QR,832321ba-408d-4915-824f-ece5bc8e5143:medium:1:0,65,What WB supernatrual drama series was Jawbreaker star Rose Mcgowan best known for being in?,Rose McGowan WB supernatural drama series,0.3766,0.4034,0.0268
QR,832321ba-408d-4915-824f-ece5bc8e5143:medium:1:1,65,What WB supernatrual drama series was Jawbreaker star Rose Mcgowan best known for being in?,Rose McGowan WB supernatural drama series,0.3766,0.3996,0.023
QR,832321ba-408d-4915-824f-ece5bc8e5143:medium:1:2,65,What WB supernatrual drama series was Jawbreaker star Rose Mcgowan best known for being in?,Rose McGowan WB supernatural drama series,0.3766,0.3996,0.023
QR,1184d87c-5e48-4ce8-96b7-c59a5241a2f4:medium:1:0,177,When was the Western Germanic language spoken from which the small settlement situated on the river Leda opposite Leer d,Western Germanic language origin of Leer settlement,0.2698,0.2994,0.0296
QR,1184d87c-5e48-4ce8-96b7-c59a5241a2f4:medium:1:1,177,When was the Western Germanic language spoken from which the small settlement situated on the river Leda opposite Leer d,Western Germanic language origin of Leer settlement,0.2698,0.2956,0.0258
QR,1184d87c-5e48-4ce8-96b7-c59a5241a2f4:medium:1:2,177,When was the Western Germanic language spoken from which the small settlement situated on the river Leda opposite Leer d,Western Germanic language origin of Leer settlement,0.2698,0.2956,0.0258
QR,609521b4-0b61-4efe-9f63-e16bafe78119:medium:1:0,246,"How many laps did Harry Prowell run during the 10,000 metres race at the 1967 Pan American Games?","Harry Prowell 10,000m race 1967 Pan American Games",0.4342,0.3775,0.0567
QR,609521b4-0b61-4efe-9f63-e16bafe78119:medium:1:1,246,"How many laps did Harry Prowell run during the 10,000 metres race at the 1967 Pan American Games?","Harry Prowell 10,000m race 1967 Pan American Games",0.4342,0.3737,0.0605
QR,609521b4-0b61-4efe-9f63-e16bafe78119:medium:1:2,246,"How many laps did Harry Prowell run during the 10,000 metres race at the 1967 Pan American Games?","Harry Prowell 10,000m race 1967 Pan American Games",0.4342,0.3737,0.0605
