gate_threshold,critic_used,critic_skipped,critic_usage_rate,avg_utility,avg_tokens,token_multiplier,utility_vs_base,utility_vs_critic,meets_token_gate,meets_utility_gate,meets_both_gates
0.0,90,0,1.0,0.2097,566.24,2.5261,-0.0123,0.0,no,no,no
0.5,53,37,0.5889,0.2161,425.61,1.8987,-0.0059,0.0064,no,no,no
0.55,67,23,0.7444,0.2139,478.82,2.1361,-0.0081,0.0042,no,no,no
0.6,75,15,0.8333,0.2128,509.23,2.2718,-0.0092,0.0031,no,no,no
0.65,82,8,0.9111,0.2116,535.84,2.3905,-0.0104,0.0019,no,no,no
0.7,85,5,0.9444,0.2107,547.24,2.4413,-0.0113,0.001,no,no,no
0.75,85,5,0.9444,0.2107,547.24,2.4413,-0.0113,0.001,no,no,no
0.8,87,3,0.9667,0.2103,554.84,2.4752,-0.0117,0.0006,no,no,no
1.0,0,90,0.0,0.222,224.16,1.0,0.0,0.0123,yes,yes,yes
